WIN_20211111_10_45_32_Pro.mp4,Endoscope,20211111
WIN_20211111_12_30_32_Pro.mp4,Endoscope,20211111
GH017932.MP4,Front,20211111
GH047935.MP4,Front,20211111
GH037935.MP4,Front,20211111
GH027935.MP4,Front,20211111
GH017935.MP4,Front,20211111
GH017934.MP4,Front,20211111
GH057932.MP4,Front,20211111
GH047932.MP4,Front,20211111
GH037932.MP4,Front,20211111
GH027932.MP4,Front,20211111
GOPR0081.MP4,Side,20211111
GP030082.MP4,Side,20211111
GP020082.MP4,Side,20211111
GP010082.MP4,Side,20211111
GOPR0082.MP4,Side,20211111
GP040081.MP4,Side,20211111
GP030081.MP4,Side,20211111
GP020081.MP4,Side,20211111
GP010081.MP4,Side,20211111
WIN_20211116_13_19_33_Pro.mp4,Endoscope,20211116
WIN_20211116_13_10_25_Pro.mp4,Endoscope,20211116
WIN_20211116_12_36_55_Pro.mp4,Endoscope,20211116
WIN_20211116_10_32_57_Pro.mp4,Endoscope,20211116
009.MP4,Front,20211116
001.MP4,Front,20211116
002.MP4,Front,20211116
003.MP4,Front,20211116
004.MP4,Front,20211116
005.MP4,Front,20211116
006.MP4,Front,20211116
007.MP4,Front,20211116
008.MP4,Front,20211116
001.MP4,Side,20211116
002.MP4,Side,20211116
003.MP4,Side,20211116
004.MP4,Side,20211116
005.MP4,Side,20211116
006.MP4,Side,20211116
007.MP4,Side,20211116
008.MP4,Side,20211116
009.MP4,Side,20211116
WIN_20211125_11_07_31_Pro.mp4,Endoscope,20211125
WIN_20211125_12_13_00_Pro.mp4,Endoscope,20211125
WIN_20211125_10_11_44_Pro.mp4,Endoscope,20211125
WIN_20211125_10_19_50_Pro.mp4,Endoscope,20211125
001.MP4,Front,20211125
002.MP4,Front,20211125
003.MP4,Front,20211125
004.MP4,Front,20211125
005.MP4,Front,20211125
006.MP4,Front,20211125
007.MP4,Front,20211125
008.MP4,Front,20211125
009.MP4,Front,20211125
010.MP4,Front,20211125
011.MP4,Front,20211125
012.MP4,Front,20211125
001.MP4,Side,20211125
002.MP4,Side,20211125
003.MP4,Side,20211125
004.MP4,Side,20211125
005.MP4,Side,20211125
006.MP4,Side,20211125
007.MP4,Side,20211125
008.MP4,Side,20211125
009.MP4,Side,20211125
GOPR0041.MP4,GOPRO,20210505
GP010041.MP4,GOPRO,20210505
01.mp4,Endoscope,20210505
LongPipe.mp4,Endoscope,20210505
ShortPipe.mp4,Endoscope,20210505
LongPipeShortPipe.mp4,Endoscope,20210512
01.mp4,Endoscope,20210512
GOPR0042.MP4,GOPRO,20210512
GP010042.MP4,GOPRO,20210512
GP020042.MP4,GOPRO,20210512
LongPipe-FirstTrial.mp4,Endoscope,20210519
ShortPipe.mp4,Endoscope,20210519
01.mp4,Endoscope,20210519
LongPipe.mp4,Endoscope,20210519
GOPR0043.MP4,GOPRO,20210519
GP010043.MP4,GOPRO,20210519
GP020043.MP4,GOPRO,20210519
Beethoven-2-giveUp.mp4,Endoscope,20210526
Tech.mp4,Endoscope,20210526
LongPipe.mp4,Endoscope,20210526
ShortPipe.mp4,Endoscope,20210526
HappyBirthday-First2EGs.mp4,Endoscope,20210526
HappyBirthday-continued.mp4,Endoscope,20210526
NobodyKnows.mp4,Endoscope,20210526
Beethoven.mp4,Endoscope,20210526
GOPR0044.MP4,GOPRO,20210526
GP010044.MP4,GOPRO,20210526
GP020044.MP4,GOPRO,20210526
WIN_20211203_10_23_53_Pro.mp4,Endoscope,20211203
WIN_20211203_10_30_22_Pro.mp4,Endoscope,20211203
WIN_20211203_11_07_30_Pro.mp4,Endoscope,20211203
WIN_20211203_11_07_34_Pro.mp4,Endoscope,20211203
WIN_20211203_12_27_39_Pro.mp4,Endoscope,20211203
WIN_20211203_12_32_32_Pro.mp4,Endoscope,20211203
009.MP4,Front,20211203
001.MP4,Front,20211203
002.MP4,Front,20211203
003.MP4,Front,20211203
004.MP4,Front,20211203
005.MP4,Front,20211203
006.MP4,Front,20211203
007.MP4,Front,20211203
008.MP4,Front,20211203
001.MP4,Side,20211203
002.MP4,Side,20211203
003.MP4,Side,20211203
004.MP4,Side,20211203
005.MP4,Side,20211203
006.MP4,Side,20211203
030.MP4,Side,20211203
031.MP4,Side,20211203
032.MP4,Side,20211203
033.MP4,Side,20211203
034.MP4,Side,20211203
WIN_20211203_14_57_41_Pro.mp4,Endoscope,20211203-Joe
WIN_20211203_15_29_06_Pro.mp4,Endoscope,20211203-Joe
015.MP4,Front,20211203-Joe
013.MP4,Front,20211203-Joe
014.MP4,Front,20211203-Joe
013.MP4,Side,20211203-Joe
006.MP4,Side,20211203-Joe
007.MP4,Side,20211203-Joe
WIN_20211208_12_41_28_Pro.mp4,Endoscope,20211208
WIN_20211208_10_45_30_Pro.mp4,Endoscope,20211208
WIN_20211208_10_50_22_Pro.mp4,Endoscope,20211208
010.MP4,Front,20211208
001.MP4,Front,20211208
002.MP4,Front,20211208
003.MP4,Front,20211208
004.MP4,Front,20211208
005.MP4,Front,20211208
006.MP4,Front,20211208
007.MP4,Front,20211208
008.MP4,Front,20211208
009.MP4,Front,20211208
001.MP4,Side,20211208
002.MP4,Side,20211208
003.MP4,Side,20211208
004.MP4,Side,20211208
005.MP4,Side,20211208
006.MP4,Side,20211208
007.MP4,Side,20211208
008.MP4,Side,20211208
009.MP4,Side,20211208
WIN_20211208_15_22_25_Pro.mp4,Endoscope,20211208-Joe
012.MP4,Front,20211208-Joe
011.MP4,Front,20211208-Joe
001.MP4,Side,20211208-Joe
002.MP4,Side,20211208-Joe
WIN_20211214_13_10_47_Pro.mp4,Endoscope,20211214
WIN_20211214_10_33_17_Pro.mp4,Endoscope,20211214
WIN_20211214_12_35_35_Pro.mp4,Endoscope,20211214
001.MP4,Front,20211214
002.MP4,Front,20211214
003.MP4,Front,20211214
004.MP4,Front,20211214
005.MP4,Front,20211214
006.MP4,Front,20211214
007.MP4,Front,20211214
008.MP4,Front,20211214
009.MP4,Front,20211214
001.MP4,Side,20211214
002.MP4,Side,20211214
003.MP4,Side,20211214
004.MP4,Side,20211214
005.MP4,Side,20211214
006.MP4,Side,20211214
007.MP4,Side,20211214
008.MP4,Side,20211214
009.MP4,Side,20211214
